"CACoastlineMolluscs","Clinocardium.nuttallii","-0.0333786326956089","-0.696707977402234"
"CACoastlineMolluscs","Haliotis.corrugata","0.376163734884472","-0.65228206544147"
"CACoastlineMolluscs","Haliotis.cracherodii","0.288029555020061","-2.88364505041654"
"CACoastlineMolluscs","Haliotis.fulgens","0.0776672292677007","-3.64367741086697"
"CACoastlineMolluscs","Haliotis.rufescens","0.21131443793392","-0.829827657769123"
"CACoastlineMolluscs","Haliotis.sorensenii",NA,NA
"CACoastlineMolluscs","Mya.arenaria","0.353885834278178","-1.3652267181432"
"CACoastlineMolluscs","Tivela.stultorum_","0.445857539605725","-0.876956428322568"
"HubbardBrookLeps","X2","1.03681504203773","-0.670261110435743"
"HubbardBrookLeps","X3","0.548276457194303","-0.274920190470894"
"HubbardBrookLeps","X4","0.0906623014109122","-2.85638036133119"
"HubbardBrookLeps","X5","0.0625005371274292","-11.1325836882831"
"HubbardBrookLeps","X6","0.0419578543397462","-32.899046340974"
"JornadaPitfallsCreosote","ARCLCHIN",NA,NA
"JornadaPitfallsCreosote","ARCOCA1",NA,NA
"JornadaPitfallsCreosote","ARCT11",NA,NA
"JornadaPitfallsCreosote","ARDICI1",NA,NA
"JornadaPitfallsCreosote","ARDICIVA",NA,NA
"JornadaPitfallsCreosote","ARDIDI1",NA,NA
"JornadaPitfallsCreosote","ARGNCEBI",NA,NA
"JornadaPitfallsCreosote","ARGNDD1",NA,NA
"JornadaPitfallsCreosote","ARGNDR1",NA,NA
"JornadaPitfallsCreosote","ARGNHA1",NA,NA
"JornadaPitfallsCreosote","ARGNHACH",NA,NA
"JornadaPitfallsCreosote","ARGNHEBU","0.0454545454545454","-71.1631105374876"
"JornadaPitfallsCreosote","ARGNMILO",NA,NA
"JornadaPitfallsCreosote","ARGNMIPO",NA,NA
"JornadaPitfallsCreosote","ARGNZE1",NA,NA
"JornadaPitfallsCreosote","ARGNZETU",NA,NA
"JornadaPitfallsCreosote","ARLYSC1",NA,NA
"JornadaPitfallsCreosote","ARMISY1",NA,NA
"JornadaPitfallsCreosote","AROXOXTR",NA,NA
"JornadaPitfallsCreosote","ARPHAPTE","0.0395277597656687","-35.1717230125587"
"JornadaPitfallsCreosote","ARPHEB1",NA,NA
"JornadaPitfallsCreosote","ARPHEBDO",NA,NA
"JornadaPitfallsCreosote","ARPHPS1",NA,NA
"JornadaPitfallsCreosote","ARPHTHCO",NA,NA
"JornadaPitfallsCreosote","ARSAHAGE",NA,NA
"JornadaPitfallsCreosote","ARSAMETA",NA,NA
"JornadaPitfallsCreosote","ARSAPH1",NA,NA
"JornadaPitfallsCreosote","ARSILOAP",NA,NA
"JornadaPitfallsCreosote","ARTHXY1",NA,NA
"JornadaPitfallsCreosote","ARTHXYLA",NA,NA
"JornadaPitfallsCreosote","ARTR12",NA,NA
"JornadaPitfallsCreosote","ARTREUSC",NA,NA
"JornadaPitfallsCreosote","ARTRLAHE",NA,NA
"JornadaPitfallsCreosote","ARTRSTFU",NA,NA
"JornadaPitfallsCreosote","BLPOARER","0.0209377334384786","-11.288725222818"
"JornadaPitfallsCreosote","CHSCSCPO",NA,NA
"JornadaPitfallsCreosote","COANAN1",NA,NA
"JornadaPitfallsCreosote","COCACYPU",NA,NA
"JornadaPitfallsCreosote","COCAHELA",NA,NA
"JornadaPitfallsCreosote","COCAPAEL",NA,NA
"JornadaPitfallsCreosote","COCEDEGE",NA,NA
"JornadaPitfallsCreosote","COCEME1",NA,NA
"JornadaPitfallsCreosote","COCETR1",NA,NA
"JornadaPitfallsCreosote","COCHAL1",NA,NA
"JornadaPitfallsCreosote","COCHPATR",NA,NA
"JornadaPitfallsCreosote","COCOHYPL",NA,NA
"JornadaPitfallsCreosote","COCRCRDE",NA,NA
"JornadaPitfallsCreosote","COCUCICO",NA,NA
"JornadaPitfallsCreosote","COCUMILA",NA,NA
"JornadaPitfallsCreosote","COCUOPVI",NA,NA
"JornadaPitfallsCreosote","COELCOAT",NA,NA
"JornadaPitfallsCreosote","COELEURE",NA,NA
"JornadaPitfallsCreosote","COELLASC","0.075224542975216","-33.2485871150683"
"JornadaPitfallsCreosote","COHIHIAB","0.0737096124205813","-15.3561158525202"
"JornadaPitfallsCreosote","COHIHO1",NA,NA
"JornadaPitfallsCreosote","COLEPTTE",NA,NA
"JornadaPitfallsCreosote","COMEEPCO",NA,NA
"JornadaPitfallsCreosote","COMYTYST",NA,NA
"JornadaPitfallsCreosote","CONICALU",NA,NA
"JornadaPitfallsCreosote","CONICASA",NA,NA
"JornadaPitfallsCreosote","COSCANRU",NA,NA
"JornadaPitfallsCreosote","COSCANVE","0.0980270663630209","-3.75624590557849"
"JornadaPitfallsCreosote","COSCAP1",NA,NA
"JornadaPitfallsCreosote","COSCCAPU",NA,NA
"JornadaPitfallsCreosote","COSCDICA",NA,NA
"JornadaPitfallsCreosote","COSCDISU",NA,NA
"JornadaPitfallsCreosote","COSCEUIN",NA,NA
"JornadaPitfallsCreosote","COSCONHE",NA,NA
"JornadaPitfallsCreosote","COTEARDE",NA,NA
"JornadaPitfallsCreosote","COTEBLPI",NA,NA
"JornadaPitfallsCreosote","COTECOUN",NA,NA
"JornadaPitfallsCreosote","COTEELCA",NA,NA
"JornadaPitfallsCreosote","COTEELGR",NA,NA
"JornadaPitfallsCreosote","COTEELHI",NA,NA
"JornadaPitfallsCreosote","COTEELLO",NA,NA
"JornadaPitfallsCreosote","COTEELOB",NA,NA
"JornadaPitfallsCreosote","COTEEMGL",NA,NA
"JornadaPitfallsCreosote","COTEEUCA",NA,NA
"JornadaPitfallsCreosote","COTEEURE",NA,NA
"JornadaPitfallsCreosote","COTEMECR",NA,NA
"JornadaPitfallsCreosote","COTEMETE","0.0692701987854553","-5.33720752928478"
"JornadaPitfallsCreosote","COTESTCO",NA,NA
"JornadaPitfallsCreosote","COTRTRSC",NA,NA
"JornadaPitfallsCreosote","DISCOROR",NA,NA
"JornadaPitfallsCreosote","HECYPABI",NA,NA
"JornadaPitfallsCreosote","HELYEMVI",NA,NA
"JornadaPitfallsCreosote","HELYLYKA",NA,NA
"JornadaPitfallsCreosote","MIMEPRRE",NA,NA
"JornadaPitfallsCreosote","NECHCH1",NA,NA
"JornadaPitfallsCreosote","NECHERPU",NA,NA
"JornadaPitfallsCreosote","ORACACPI",NA,NA
"JornadaPitfallsCreosote","ORACAGDE",NA,NA
"JornadaPitfallsCreosote","ORACBOAR",NA,NA
"JornadaPitfallsCreosote","ORACCIPA",NA,NA
"JornadaPitfallsCreosote","ORACCLLA",NA,NA
"JornadaPitfallsCreosote","ORACERSI",NA,NA
"JornadaPitfallsCreosote","ORACHEVI",NA,NA
"JornadaPitfallsCreosote","ORACPAPA",NA,NA
"JornadaPitfallsCreosote","ORACPSTE",NA,NA
"JornadaPitfallsCreosote","ORACTRPA","0.0700887221562139","-20.9391739263574"
"JornadaPitfallsCreosote","ORGRGR1","0.0779377915835043","-3.65883015993332"
"JornadaPitfallsCreosote","ORGYCEPA",NA,NA
"JornadaPitfallsCreosote","ORMOCYCO",NA,NA
"JornadaPitfallsCreosote","ORROPHRO",NA,NA
"JornadaPitfallsCreosote","ORSCANVE",NA,NA
"JornadaPitfallsCreosote","ORTEAR1",NA,NA
"JornadaPitfallsCreosote","ORTEARGR",NA,NA
"JornadaPitfallsCreosote","ORTECAFU",NA,NA
"JornadaPitfallsCreosote","ORTEINEL","0.750169078188089","-0.932633942155285"
"JornadaPitfallsCreosote","ORTEINSP",NA,NA
"JornadaPitfallsCreosote","PSCHDASI",NA,NA
"JornadaPitfallsCreosote","SCVAVACO","0.0671561127312989","-16.342892317174"
"JornadaPitfallsCreosote","SOERER1","0.0450554239959691","-20.0050450796059"
"JornadaPitfallsGrassland","ARAGAG1",NA,NA
"JornadaPitfallsGrassland","ARCOCA1",NA,NA
"JornadaPitfallsGrassland","ARDICI1",NA,NA
"JornadaPitfallsGrassland","ARDICIVA",NA,NA
"JornadaPitfallsGrassland","ARDIDI1",NA,NA
"JornadaPitfallsGrassland","ARGNCAMU",NA,NA
"JornadaPitfallsGrassland","ARGNCEBI",NA,NA
"JornadaPitfallsGrassland","ARGNCESI",NA,NA
"JornadaPitfallsGrassland","ARGNDD1","0.0111111111111111","92.302939316388"
"JornadaPitfallsGrassland","ARGNDDGO",NA,NA
"JornadaPitfallsGrassland","ARGNDR1",NA,NA
"JornadaPitfallsGrassland","ARGNDRMU",NA,NA
"JornadaPitfallsGrassland","ARGNHA1",NA,NA
"JornadaPitfallsGrassland","ARGNHACH",NA,NA
"JornadaPitfallsGrassland","ARGNHE1",NA,NA
"JornadaPitfallsGrassland","ARGNHEBU",NA,NA
"JornadaPitfallsGrassland","ARGNMI1",NA,NA
"JornadaPitfallsGrassland","ARGNMILO",NA,NA
"JornadaPitfallsGrassland","ARGNZE1",NA,NA
"JornadaPitfallsGrassland","ARGNZEAN",NA,NA
"JornadaPitfallsGrassland","ARGNZELA",NA,NA
"JornadaPitfallsGrassland","ARGNZETU",NA,NA
"JornadaPitfallsGrassland","ARLILI1",NA,NA
"JornadaPitfallsGrassland","ARLYGLGU",NA,NA
"JornadaPitfallsGrassland","ARLYLY1","0.0263157894736842","87.9529799257984"
"JornadaPitfallsGrassland","ARLYSC1",NA,NA
"JornadaPitfallsGrassland","ARLYVAGO",NA,NA
"JornadaPitfallsGrassland","ARMIMIHE",NA,NA
"JornadaPitfallsGrassland","ARMISY1",NA,NA
"JornadaPitfallsGrassland","AROXOXTR",NA,NA
"JornadaPitfallsGrassland","ARPHAPTE",NA,NA
"JornadaPitfallsGrassland","ARPHEB1",NA,NA
"JornadaPitfallsGrassland","ARPHEBDO",NA,NA
"JornadaPitfallsGrassland","ARPHPS1",NA,NA
"JornadaPitfallsGrassland","ARPHTHCO",NA,NA
"JornadaPitfallsGrassland","ARPHTHFO",NA,NA
"JornadaPitfallsGrassland","ARSAHAGE",NA,NA
"JornadaPitfallsGrassland","ARSAPH1",NA,NA
"JornadaPitfallsGrassland","ARSASA2",NA,NA
"JornadaPitfallsGrassland","ARSILOAP",NA,NA
"JornadaPitfallsGrassland","ARTHXY1","0.0155038759689922","-69.6747945134283"
"JornadaPitfallsGrassland","ARTHXYCU",NA,NA
"JornadaPitfallsGrassland","ARTHXYFA",NA,NA
"JornadaPitfallsGrassland","ARTHXYLA",NA,NA
"JornadaPitfallsGrassland","ARTREUSC",NA,NA
"JornadaPitfallsGrassland","ARTRLAHE",NA,NA
"JornadaPitfallsGrassland","ARTRSTFU",NA,NA
"JornadaPitfallsGrassland","BLBLPADE","0.0396651509101262","-19.7028329066898"
"JornadaPitfallsGrassland","BLPOARER","0.0655253433083715","-16.2582072018938"
"JornadaPitfallsGrassland","CHLILIFO",NA,NA
"JornadaPitfallsGrassland","CHSCSCPO",NA,NA
"JornadaPitfallsGrassland","CHSCSCVI",NA,NA
"JornadaPitfallsGrassland","CHSCSOVI",NA,NA
"JornadaPitfallsGrassland","COANAN1","0.00775193798449612","136.753861388121"
"JornadaPitfallsGrassland","COCACILE",NA,NA
"JornadaPitfallsGrassland","COCACYPU",NA,NA
"JornadaPitfallsGrassland","COCAEUGR",NA,NA
"JornadaPitfallsGrassland","COCAHAPE",NA,NA
"JornadaPitfallsGrassland","COCAHELA",NA,NA
"JornadaPitfallsGrassland","COCAPACA",NA,NA
"JornadaPitfallsGrassland","COCAPAEL",NA,NA
"JornadaPitfallsGrassland","COCAPAOB",NA,NA
"JornadaPitfallsGrassland","COCETR1",NA,NA
"JornadaPitfallsGrassland","COCRCRDE",NA,NA
"JornadaPitfallsGrassland","COCUCICO",NA,NA
"JornadaPitfallsGrassland","COCUOP1",NA,NA
"JornadaPitfallsGrassland","COELARDE",NA,NA
"JornadaPitfallsGrassland","COELCOAT",NA,NA
"JornadaPitfallsGrassland","COELLASC",NA,NA
"JornadaPitfallsGrassland","COHIHIAB",NA,NA
"JornadaPitfallsGrassland","COLEPTTE","0.0133333333333333","311.916231251975"
"JornadaPitfallsGrassland","COMEEPCO",NA,NA
"JornadaPitfallsGrassland","CONICALU",NA,NA
"JornadaPitfallsGrassland","COSCANVE","0.0276587365068773","43.8159305342207"
"JornadaPitfallsGrassland","COSCBOEB",NA,NA
"JornadaPitfallsGrassland","COSCCAPU",NA,NA
"JornadaPitfallsGrassland","COSCDIGA",NA,NA
"JornadaPitfallsGrassland","COSCDISU",NA,NA
"JornadaPitfallsGrassland","COSCSCVI",NA,NA
"JornadaPitfallsGrassland","COTEARDE",NA,NA
"JornadaPitfallsGrassland","COTEARRU",NA,NA
"JornadaPitfallsGrassland","COTECOUN",NA,NA
"JornadaPitfallsGrassland","COTEELCA",NA,NA
"JornadaPitfallsGrassland","COTEELEX",NA,NA
"JornadaPitfallsGrassland","COTEELHI",NA,NA
"JornadaPitfallsGrassland","COTEELLO","0.138888888888889","12.2521160719173"
"JornadaPitfallsGrassland","COTEEMCO",NA,NA
"JornadaPitfallsGrassland","COTEGLSO",NA,NA
"JornadaPitfallsGrassland","COTEMECR","0.0124772494007928","-8.78065567566717"
"JornadaPitfallsGrassland","COTETRPR",NA,NA
"JornadaPitfallsGrassland","COTRTRSC","0.0870138949504585","-12.8889545954184"
"JornadaPitfallsGrassland","DISCOROR",NA,NA
"JornadaPitfallsGrassland","HELALA1",NA,NA
"JornadaPitfallsGrassland","HELYEMVI","0.0311546075445951","-6.27092746875786"
"JornadaPitfallsGrassland","HELYLYKA",NA,NA
"JornadaPitfallsGrassland","HELYNELA",NA,NA
"JornadaPitfallsGrassland","HELYPABI",NA,NA
"JornadaPitfallsGrassland","HETICO1",NA,NA
"JornadaPitfallsGrassland","HYMUDAKL",NA,NA
"JornadaPitfallsGrassland","HYMUPSPR",NA,NA
"JornadaPitfallsGrassland","HYPOPEFO",NA,NA
"JornadaPitfallsGrassland","MIMEPRRE","0.250058973189574","-5.10311435760073"
"JornadaPitfallsGrassland","NECHCH1",NA,NA
"JornadaPitfallsGrassland","ORACACPI","0.0134855285204347","36.4021261725989"
"JornadaPitfallsGrassland","ORACAGDE",NA,NA
"JornadaPitfallsGrassland","ORACARCO",NA,NA
"JornadaPitfallsGrassland","ORACARPS",NA,NA
"JornadaPitfallsGrassland","ORACAUEL",NA,NA
"JornadaPitfallsGrassland","ORACBOAR",NA,NA
"JornadaPitfallsGrassland","ORACCIPA",NA,NA
"JornadaPitfallsGrassland","ORACERSI",NA,NA
"JornadaPitfallsGrassland","ORACME1",NA,NA
"JornadaPitfallsGrassland","ORACMEBO",NA,NA
"JornadaPitfallsGrassland","ORACPAPA",NA,NA
"JornadaPitfallsGrassland","ORACPSTE",NA,NA
"JornadaPitfallsGrassland","ORACTRFO",NA,NA
"JornadaPitfallsGrassland","ORACTRPA","-0.0446443746932242","-8.88904275467899"
"JornadaPitfallsGrassland","ORACXACO",NA,NA
"JornadaPitfallsGrassland","ORGRGR1","0.0299348202965216","-0.635389138748351"
"JornadaPitfallsGrassland","ORGYCEPA",NA,NA
"JornadaPitfallsGrassland","ORGYDAHA","0.144529144529145","-7.93590363028302"
"JornadaPitfallsGrassland","ORMOCYCO","0.0896476717025011","257.565423701534"
"JornadaPitfallsGrassland","ORRHAMPH",NA,NA
"JornadaPitfallsGrassland","ORRHCEPA",NA,NA
"JornadaPitfallsGrassland","ORTEAR1",NA,NA
"JornadaPitfallsGrassland","ORTEARGR",NA,NA
"JornadaPitfallsGrassland","ORTEERSC",NA,NA
"JornadaPitfallsGrassland","ORTEINEL",NA,NA
"JornadaPitfallsGrassland","PSCHDASI",NA,NA
"JornadaPitfallsGrassland","SCVAVACO","0.00296800898694449","-8.78874881866855"
"JornadaPitfallsGrassland","SCVAVARU",NA,NA
"JornadaPitfallsGrassland","SOERER1","0.102026234633449","-9.28985341520667"
"JornadaPitfallsMesquite","ARCLNECH",NA,NA
"JornadaPitfallsMesquite","ARDICI1",NA,NA
"JornadaPitfallsMesquite","ARGNHEBU",NA,NA
"JornadaPitfallsMesquite","ARGNZE1",NA,NA
"JornadaPitfallsMesquite","ARLYGERA",NA,NA
"JornadaPitfallsMesquite","ARPHEBDO",NA,NA
"JornadaPitfallsMesquite","ARTHXY1",NA,NA
"JornadaPitfallsMesquite","ARTRLAHE",NA,NA
"JornadaPitfallsMesquite","ARTRSTFU",NA,NA
"JornadaPitfallsMesquite","BLPOARER",NA,NA
"JornadaPitfallsMesquite","COANAN1",NA,NA
"JornadaPitfallsMesquite","COANANO1",NA,NA
"JornadaPitfallsMesquite","COANNIVE",NA,NA
"JornadaPitfallsMesquite","COCABE1",NA,NA
"JornadaPitfallsMesquite","COCACYPU",NA,NA
"JornadaPitfallsMesquite","COCAPACA",NA,NA
"JornadaPitfallsMesquite","COELAG1",NA,NA
"JornadaPitfallsMesquite","COELAGRE",NA,NA
"JornadaPitfallsMesquite","COELARDE",NA,NA
"JornadaPitfallsMesquite","COELCOAT",NA,NA
"JornadaPitfallsMesquite","COELLASC","0.420500562671007","-2.76808420844374"
"JornadaPitfallsMesquite","COELNEAR","0.0238095238095238","-7.93968588641392"
"JornadaPitfallsMesquite","COLASTDE",NA,NA
"JornadaPitfallsMesquite","COLEPTTE",NA,NA
"JornadaPitfallsMesquite","COMEEP1",NA,NA
"JornadaPitfallsMesquite","CONICALU",NA,NA
"JornadaPitfallsMesquite","COSCANVE",NA,NA
"JornadaPitfallsMesquite","COSCCAPU",NA,NA
"JornadaPitfallsMesquite","COSCDICA","0.0322718843915851","-8.74530857514683"
"JornadaPitfallsMesquite","COSCONHE",NA,NA
"JornadaPitfallsMesquite","COSTHACA",NA,NA
"JornadaPitfallsMesquite","COTEELCA",NA,NA
"JornadaPitfallsMesquite","COTEELEX",NA,NA
"JornadaPitfallsMesquite","COTEELHI","0.18637751259592","-7.1597073659977"
"JornadaPitfallsMesquite","COTEELLO","0.117647058823529","-38.2963817259369"
"JornadaPitfallsMesquite","COTEELOB",NA,NA
"JornadaPitfallsMesquite","COTEEMGL",NA,NA
"JornadaPitfallsMesquite","COTEEURE",NA,NA
"JornadaPitfallsMesquite","COTEMECR",NA,NA
"JornadaPitfallsMesquite","COTETRPR",NA,NA
"JornadaPitfallsMesquite","COTRTRSC",NA,NA
"JornadaPitfallsMesquite","DISPOROR",NA,NA
"JornadaPitfallsMesquite","HELYEMVI",NA,NA
"JornadaPitfallsMesquite","HYMUDAKL",NA,NA
"JornadaPitfallsMesquite","HYPOPO1",NA,NA
"JornadaPitfallsMesquite","MIMEPRRE",NA,NA
"JornadaPitfallsMesquite","OP111",NA,NA
"JornadaPitfallsMesquite","ORACACPI",NA,NA
"JornadaPitfallsMesquite","ORACBOAR",NA,NA
"JornadaPitfallsMesquite","ORACCIPA",NA,NA
"JornadaPitfallsMesquite","ORACERSI",NA,NA
"JornadaPitfallsMesquite","ORACME1",NA,NA
"JornadaPitfallsMesquite","ORACTRPA",NA,NA
"JornadaPitfallsMesquite","ORGRGR1","0.191723937933264","-14.1318510157743"
"JornadaPitfallsMesquite","ORGRGRO1",NA,NA
"JornadaPitfallsMesquite","ORGYDAHA",NA,NA
"JornadaPitfallsMesquite","ORRHAMPH",NA,NA
"JornadaPitfallsMesquite","ORTEERSC","-0.0537507898600035","-3.21033828174926"
"JornadaPitfallsMesquite","ORTEINEL",NA,NA
"JornadaPitfallsMesquite","ORTEINSP",NA,NA
"JornadaPitfallsMesquite","SCVAVACO","0.0584452181642814","-40.8638082922461"
"JornadaPitfallsMesquite","SOERER1",NA,NA
"JornadaPitfallsTarbush","ARCOCA1",NA,NA
"JornadaPitfallsTarbush","ARDICI1",NA,NA
"JornadaPitfallsTarbush","ARDIDI1",NA,NA
"JornadaPitfallsTarbush","ARGNCEBI",NA,NA
"JornadaPitfallsTarbush","ARGNDD1",NA,NA
"JornadaPitfallsTarbush","ARGNDDGO",NA,NA
"JornadaPitfallsTarbush","ARGNDR1",NA,NA
"JornadaPitfallsTarbush","ARGNDRLE",NA,NA
"JornadaPitfallsTarbush","ARGNGN1",NA,NA
"JornadaPitfallsTarbush","ARGNHACH",NA,NA
"JornadaPitfallsTarbush","ARGNHEBU",NA,NA
"JornadaPitfallsTarbush","ARGNMI1",NA,NA
"JornadaPitfallsTarbush","ARGNMILO",NA,NA
"JornadaPitfallsTarbush","ARGNMITR",NA,NA
"JornadaPitfallsTarbush","ARGNZETU",NA,NA
"JornadaPitfallsTarbush","ARLILI1",NA,NA
"JornadaPitfallsTarbush","ARLYLY1",NA,NA
"JornadaPitfallsTarbush","ARLYSC1",NA,NA
"JornadaPitfallsTarbush","ARMISY1",NA,NA
"JornadaPitfallsTarbush","AROXOXTR",NA,NA
"JornadaPitfallsTarbush","ARPHAPTE",NA,NA
"JornadaPitfallsTarbush","ARPHEB1",NA,NA
"JornadaPitfallsTarbush","ARPHEBDO",NA,NA
"JornadaPitfallsTarbush","ARPHEBPA",NA,NA
"JornadaPitfallsTarbush","ARPHPS1",NA,NA
"JornadaPitfallsTarbush","ARPHTH1",NA,NA
"JornadaPitfallsTarbush","ARPHTHCO",NA,NA
"JornadaPitfallsTarbush","ARSAHAGE",NA,NA
"JornadaPitfallsTarbush","ARSAPH1",NA,NA
"JornadaPitfallsTarbush","ARSASA1",NA,NA
"JornadaPitfallsTarbush","ARTHXY1",NA,NA
"JornadaPitfallsTarbush","ARTHXYFA",NA,NA
"JornadaPitfallsTarbush","ARTHXYLA",NA,NA
"JornadaPitfallsTarbush","ARTREUSC",NA,NA
"JornadaPitfallsTarbush","ARTRLAHE",NA,NA
"JornadaPitfallsTarbush","ARTRSTFU",NA,NA
"JornadaPitfallsTarbush","BLPOARER",NA,NA
"JornadaPitfallsTarbush","CHLI11",NA,NA
"JornadaPitfallsTarbush","CHLILIFO",NA,NA
"JornadaPitfallsTarbush","CHSCSCPO",NA,NA
"JornadaPitfallsTarbush","CHSCSCVI",NA,NA
"JornadaPitfallsTarbush","COANAN1","0.0362662772301327","-116.236538421654"
"JornadaPitfallsTarbush","COCACILE",NA,NA
"JornadaPitfallsTarbush","COCAHAPE",NA,NA
"JornadaPitfallsTarbush","COCAHELA",NA,NA
"JornadaPitfallsTarbush","COCAPACA","0.125729973339709","-10.7808644074061"
"JornadaPitfallsTarbush","COCAPAEL",NA,NA
"JornadaPitfallsTarbush","COCHZYTO","0.119233428393454","-7.87815607116662"
"JornadaPitfallsTarbush","COCLCYNE",NA,NA
"JornadaPitfallsTarbush","COCOHYPL",NA,NA
"JornadaPitfallsTarbush","COCRCRDE",NA,NA
"JornadaPitfallsTarbush","COCUMILA",NA,NA
"JornadaPitfallsTarbush","COCUOP1",NA,NA
"JornadaPitfallsTarbush","COCUOPVI",NA,NA
"JornadaPitfallsTarbush","COCUSM1",NA,NA
"JornadaPitfallsTarbush","COELAG1",NA,NA
"JornadaPitfallsTarbush","COELAGRE",NA,NA
"JornadaPitfallsTarbush","COELARDE",NA,NA
"JornadaPitfallsTarbush","COELCOAT",NA,NA
"JornadaPitfallsTarbush","COELELHI",NA,NA
"JornadaPitfallsTarbush","COELLASC","0.0367090631530678","-56.7926663323972"
"JornadaPitfallsTarbush","COELNEAR",NA,NA
"JornadaPitfallsTarbush","COHIHIAB",NA,NA
"JornadaPitfallsTarbush","COLEPTTE",NA,NA
"JornadaPitfallsTarbush","COMEEPPE",NA,NA
"JornadaPitfallsTarbush","COMOMOAT",NA,NA
"JornadaPitfallsTarbush","CONICALU",NA,NA
"JornadaPitfallsTarbush","CONICASA",NA,NA
"JornadaPitfallsTarbush","COSCANVE","0.147880790355194","-9.55785818993746"
"JornadaPitfallsTarbush","COSCDICA","0.0120481927710843","5.68793306585538"
"JornadaPitfallsTarbush","COSCENIN",NA,NA
"JornadaPitfallsTarbush","COSTHACA",NA,NA
"JornadaPitfallsTarbush","COTEARDE","0.0405142912761672","-39.7076432748936"
"JornadaPitfallsTarbush","COTEARRU",NA,NA
"JornadaPitfallsTarbush","COTEBLPI",NA,NA
"JornadaPitfallsTarbush","COTECOUN",NA,NA
"JornadaPitfallsTarbush","COTEELGR",NA,NA
"JornadaPitfallsTarbush","COTEELHI",NA,NA
"JornadaPitfallsTarbush","COTEELLO",NA,NA
"JornadaPitfallsTarbush","COTEEUCA",NA,NA
"JornadaPitfallsTarbush","COTEEURE",NA,NA
"JornadaPitfallsTarbush","COTEMECR","0.138113843565229","-10.1326315301437"
"JornadaPitfallsTarbush","COTEMETE",NA,NA
"JornadaPitfallsTarbush","COTETRPR",NA,NA
"JornadaPitfallsTarbush","COTRTRSC","0.0227272727272727","-22.5581723273185"
"JornadaPitfallsTarbush","DISCOROR",NA,NA
"JornadaPitfallsTarbush","DISPOROR",NA,NA
"JornadaPitfallsTarbush","HECYPABI",NA,NA
"JornadaPitfallsTarbush","HELYEMVI",NA,NA
"JornadaPitfallsTarbush","HETICO1",NA,NA
"JornadaPitfallsTarbush","HYMUDAKL",NA,NA
"JornadaPitfallsTarbush","HYMUPSPR",NA,NA
"JornadaPitfallsTarbush","HYPOPO1",NA,NA
"JornadaPitfallsTarbush","MIMEPRRE","0.322640800117924","-2.9567521798318"
"JornadaPitfallsTarbush","NECHERPU",NA,NA
"JornadaPitfallsTarbush","ORACACPI","0.161999680267366","-0.897663611275958"
"JornadaPitfallsTarbush","ORACARCO",NA,NA
"JornadaPitfallsTarbush","ORACARPS",NA,NA
"JornadaPitfallsTarbush","ORACCAOL","-0.449894898800201","1.47383089005574"
"JornadaPitfallsTarbush","ORACCIPA",NA,NA
"JornadaPitfallsTarbush","ORACERSI",NA,NA
"JornadaPitfallsTarbush","ORACHEVI",NA,NA
"JornadaPitfallsTarbush","ORACLIPL",NA,NA
"JornadaPitfallsTarbush","ORACME1",NA,NA
"JornadaPitfallsTarbush","ORACMEAR",NA,NA
"JornadaPitfallsTarbush","ORACMEBO",NA,NA
"JornadaPitfallsTarbush","ORACPAPA",NA,NA
"JornadaPitfallsTarbush","ORACPSTE",NA,NA
"JornadaPitfallsTarbush","ORACTRPA",NA,NA
"JornadaPitfallsTarbush","ORACXACO",NA,NA
"JornadaPitfallsTarbush","ORGRGR1","0.136476456997375","2.96967562126738"
"JornadaPitfallsTarbush","ORGYCEPA",NA,NA
"JornadaPitfallsTarbush","ORMOCYCO",NA,NA
"JornadaPitfallsTarbush","ORTEAR1",NA,NA
"JornadaPitfallsTarbush","ORTEDIBR",NA,NA
"JornadaPitfallsTarbush","ORTEERSC","0.0790565203818919","-23.1468977476801"
"JornadaPitfallsTarbush","ORTEINEL",NA,NA
"JornadaPitfallsTarbush","ORTEINSP",NA,NA
"JornadaPitfallsTarbush","PHHEPSST",NA,NA
"JornadaPitfallsTarbush","PSCHDASI",NA,NA
"JornadaPitfallsTarbush","SCVAVACO","0.0304175837156789","-32.457144556988"
"JornadaPitfallsTarbush","SOERER1","0.445345024229492","-1.08742682345495"
"LuquilloSnails","AULALT","0.00545284569759462","-155.204202757548"
"LuquilloSnails","ALCALT","0.00565966762056262","-76.4301651083406"
"LuquilloSnails","ALCSTR","0.0138656538577617","-11.735030884196"
"LuquilloSnails","CARCAR","0.395777259124032","-0.642284504121345"
"LuquilloSnails","CARMAR","0.00258134226300423","-54.9206660949432"
"LuquilloSnails","CEPMUS",NA,NA
"LuquilloSnails","CEPSQU","0.0107180458448434","-51.9475396691427"
"LuquilloSnails","GAENIG","0.112699164823459","-4.20209326547032"
"LuquilloSnails","LAMGRA","0.00221788651105119","-232.792648448604"
"LuquilloSnails","MEGCRO","0.0036737900704216","-130.688846758666"
"LuquilloSnails","NENTRI","0.366717451656881","-2.28910900475123"
"LuquilloSnails","OLEGLA","0.00624377727205656","-77.6379728709644"
"LuquilloSnails","OLEPLA","0.00370967649300371","-81.65231921592"
"LuquilloSnails","OBETER",NA,NA
"LuquilloSnails","POLACU","0.0057233551071593","-16.2482027609705"
"LuquilloSnails","PLAPOR","0.029835466354155","-21.2729620052987"
"LuquilloSnails","SUBOCT","0.0214216122449906","-33.1453754581163"
"LuquilloSnails","VAGOCC","0.00552621506272799","-86.6653584751961"
"OneidaLakeZooplankton","X1","0.00879062977771686","-17.5124918384466"
"OneidaLakeZooplankton","X2","0.000432533084307924","-3040.81377737552"
"OneidaLakeZooplankton","X3","0.0636139097943228","-10.007154233024"
"OneidaLakeZooplankton","X4",NA,NA
"OneidaLakeZooplankton","X5","0.000298053368482599","-67.8557777285299"
"OneidaLakeZooplankton","X6","0.159412456943382","-7.32353706222719"
"OneidaLakeZooplankton","X7","0.0969983983546618","-20.3956435296935"
"OneidaLakeZooplankton","X8","0.090959640640997","-6.7543128150225"
"OneidaLakeZooplankton","X9","0.00338743356619177","-18.7667553743312"
"OneidaLakeZooplankton","X10","0.116218752865704","-5.92843299859903"
"OneidaLakeZooplankton","X11","0.0132914001950344","-51.9266841997921"
"OneidaLakeZooplankton","X12","0.186997647255333","-2.54765824070721"
"OneidaLakeZooplankton","X13","0.0602006721796052","-23.3646898935816"
"OneidaLakeZooplankton","X14","0.0183447721816535","-25.4939985697304"
"OneidaLakeZooplankton","X15","0.00112020248657293","-1345.05515987813"
"OneidaLakeZooplankton","X16","0.0428559948880672","-27.6783022956453"
"OneidaLakeZooplankton","X17","0.000293549825118795","-1704.59548656298"
"OneidaLakeZooplankton","X18","0.0376739605442404","-23.8327091234718"
"OneidaLakeZooplankton","X19","0.0781392989538194","-5.63624619601492"
"OneidaLakeZooplankton","X20","0.0153991551115892","-93.8854799237176"
"OneidaLakeZooplankton","X22","0.0749528220557002","-17.0178668866851"
"OneidaLakeZooplankton","X23",NA,NA
"OneidaLakeZooplankton","X26","0.0285649357393115","-66.9453095828909"
"OneidaLakeZooplankton","X27",NA,NA
"OneidaLakeZooplankton","X28","0.0019487198099268","-714.121438627546"
"OneidaLakeZooplankton","X29","0.0253497509159247","-81.1121371507229"
"OneidaLakeZooplankton","X31",NA,NA
"OneidaLakeZooplankton","X32",NA,NA
"OneidaLakeZooplankton","X33","0.000926902666089386","1088.67493344728"
"OneidaLakeZooplankton","X34",NA,NA
"OneidaLakeZooplankton","X35",NA,NA
"OneidaLakeZooplankton","X36",NA,NA
"OneidaLakeZooplankton","X37","0.00492586890843235","-170.066353064851"
"PacificCoastArthropodsCAY","hermit.crabs",NA,NA
"PacificCoastArthropodsCAY","idotea.spp",NA,NA
"PacificCoastArthropodsCAY","pachycheles.spp",NA,NA
"PacificCoastArthropodsCAY","pachygrapsus.crassipes","0.221439435275804","-6.78767892181732"
"PacificCoastArthropodsCAY","pachygrapsus.crassipes.and.hemigrapsus.nudus.recruits",NA,NA
"PacificCoastArthropodsCAY","pagurus.beringanus",NA,NA
"PacificCoastArthropodsCAY","pagurus.granosimanus",NA,NA
"PacificCoastArthropodsCAY","pagurus.hirsutiusculus","0.341727370383133","-7.25007507544464"
"PacificCoastArthropodsCAY","pagurus.samuelis","0.42626711060245","-1.68017800951316"
"PacificCoastArthropodsCAY","pagurus.spp",NA,NA
"PacificCoastArthropodsCAY","petrolisthes.spp",NA,NA
"PacificCoastArthropodsCAY","pugettia.spp",NA,NA
"PacificCoastEchinoderms","asterina.miniata","0.435177251466378","-3.93870379706653"
"PacificCoastEchinoderms","henricia.spp",NA,NA
"PacificCoastEchinoderms","leptasterias.spp",NA,NA
"PacificCoastEchinoderms","pisaster.brevispinus",NA,NA
"PacificCoastEchinoderms","pisaster.giganteus",NA,NA
"PacificCoastEchinoderms","pisaster.ochraceus","0.604795793646534","-0.882742954345411"
"PacificCoastEchinoderms","pycnopodia.helianhoides",NA,NA
"PacificCoastEchinoderms","strongylocentrotus.purpuratus","0.00869781686017318","-90.7613415414006"
"PacificCoastMolluscsBOA","acanthinucella.spp","0.00762717234327297","-17.9363517712295"
"PacificCoastMolluscsBOA","alia.spp",NA,NA
"PacificCoastMolluscsBOA","amphissa.versicolor",NA,NA
"PacificCoastMolluscsBOA","aplysia.californica",NA,NA
"PacificCoastMolluscsBOA","bittium.eschrichtii",NA,NA
"PacificCoastMolluscsBOA","calliostoma.spp",NA,NA
"PacificCoastMolluscsBOA","ceratostoma.nuttalli",NA,NA
"PacificCoastMolluscsBOA","chitons",NA,NA
"PacificCoastMolluscsBOA","conus.californicus",NA,NA
"PacificCoastMolluscsBOA","crepidula.spp",NA,NA
"PacificCoastMolluscsBOA","epitonium.tinctum",NA,NA
"PacificCoastMolluscsBOA","fissurella.volcano",NA,NA
"PacificCoastMolluscsBOA","homalopoma.spp",NA,NA
"PacificCoastMolluscsBOA","katharina.tunicata",NA,NA
"PacificCoastMolluscsBOA","kelletia.kelletii",NA,NA
"PacificCoastMolluscsBOA","lepidochitona.dentiens",NA,NA
"PacificCoastMolluscsBOA","lepidochitona.hartwegii","0.0106972281671708","-44.7655408239265"
"PacificCoastMolluscsBOA","lepidochitona.spp",NA,NA
"PacificCoastMolluscsBOA","lepidozona.spp",NA,NA
"PacificCoastMolluscsBOA","limpets.over.15.mm.in.size","0.0292496606718088","9.90857086247382"
"PacificCoastMolluscsBOA","littorina.spp","0.850968436740883","-2.89265404931552"
"PacificCoastMolluscsBOA","macron.lividus",NA,NA
"PacificCoastMolluscsBOA","mopalia.spp","0.000179952310190151","-9612.96828903884"
"PacificCoastMolluscsBOA","norrisia.norrisi",NA,NA
"PacificCoastMolluscsBOA","nucella.canaliculata",NA,NA
"PacificCoastMolluscsBOA","nucella.emarginata","0.0105800368915843","-58.2179242821626"
"PacificCoastMolluscsBOA","nucella.lamellosa",NA,NA
"PacificCoastMolluscsBOA","nucella.spp",NA,NA
"PacificCoastMolluscsBOA","nuttallina.spp","0.0222845308295152","1.53029886928051"
"PacificCoastMolluscsBOA","ocenebra.circumtexta",NA,NA
"PacificCoastMolluscsBOA","ocenebra.poulsoni",NA,NA
"PacificCoastMolluscsBOA","ocenebra.spp",NA,NA
"PacificCoastMolluscsBOA","onchidella.borealis",NA,NA
"PacificCoastMolluscsBOA","opalia.spp_",NA,NA
"PacificCoastMolluscsBOA","tegula.aureotincta",NA,NA
"PacificCoastMolluscsBOA","tegula.brunnea",NA,NA
"PacificCoastMolluscsBOA","tegula.eiseni",NA,NA
"PacificCoastMolluscsBOA","tegula.funebralis","0.287428087438213","0.486031010523815"
"PacificCoastMolluscsBOA","tegula.gallina",NA,NA
"PacificCoastMolluscsBOA","tonicella.spp",NA,NA
"PacificCoastMolluscsCAY","acanthinucella.spp","0.0124942407734964","-28.3994126891565"
"PacificCoastMolluscsCAY","alia.spp",NA,NA
"PacificCoastMolluscsCAY","amphissa.versicolor",NA,NA
"PacificCoastMolluscsCAY","aplysia.californica",NA,NA
"PacificCoastMolluscsCAY","bittium.eschrichtii","4.46189541317151e-05","91297.4238229267"
"PacificCoastMolluscsCAY","calliostoma.spp",NA,NA
"PacificCoastMolluscsCAY","ceratostoma.nuttalli",NA,NA
"PacificCoastMolluscsCAY","chitons",NA,NA
"PacificCoastMolluscsCAY","conus.californicus",NA,NA
"PacificCoastMolluscsCAY","crepidula.spp",NA,NA
"PacificCoastMolluscsCAY","epitonium.tinctum",NA,NA
"PacificCoastMolluscsCAY","fissurella.volcano",NA,NA
"PacificCoastMolluscsCAY","homalopoma.spp",NA,NA
"PacificCoastMolluscsCAY","katharina.tunicata",NA,NA
"PacificCoastMolluscsCAY","kelletia.kelletii",NA,NA
"PacificCoastMolluscsCAY","lepidochitona.dentiens","0.000249902225458928","-529.405149963837"
"PacificCoastMolluscsCAY","lepidochitona.hartwegii","0.0122939343751845","-26.0192832548761"
"PacificCoastMolluscsCAY","lepidochitona.spp",NA,NA
"PacificCoastMolluscsCAY","lepidozona.spp",NA,NA
"PacificCoastMolluscsCAY","limpets.over.15.mm.in.size","0.00337123718236341","-3.90253148411096"
"PacificCoastMolluscsCAY","littorina.spp","0.881046089864513","-3.60359678996785"
"PacificCoastMolluscsCAY","macron.lividus",NA,NA
"PacificCoastMolluscsCAY","mopalia.spp",NA,NA
"PacificCoastMolluscsCAY","norrisia.norrisi",NA,NA
"PacificCoastMolluscsCAY","nucella.canaliculata",NA,NA
"PacificCoastMolluscsCAY","nucella.emarginata","0.0113155328811682","-74.1084261963666"
"PacificCoastMolluscsCAY","nucella.lamellosa",NA,NA
"PacificCoastMolluscsCAY","nucella.spp",NA,NA
"PacificCoastMolluscsCAY","nuttallina.spp","0.000906413872446536","-41.0053839837805"
"PacificCoastMolluscsCAY","ocenebra.circumtexta","0.00256819450327223","-225.368280862402"
"PacificCoastMolluscsCAY","ocenebra.poulsoni",NA,NA
"PacificCoastMolluscsCAY","ocenebra.spp",NA,NA
"PacificCoastMolluscsCAY","onchidella.borealis",NA,NA
"PacificCoastMolluscsCAY","opalia.spp_",NA,NA
"PacificCoastMolluscsCAY","tegula.aureotincta",NA,NA
"PacificCoastMolluscsCAY","tegula.brunnea",NA,NA
"PacificCoastMolluscsCAY","tegula.eiseni",NA,NA
"PacificCoastMolluscsCAY","tegula.funebralis","0.128067178872296","-0.289862816298048"
"PacificCoastMolluscsCAY","tegula.gallina",NA,NA
"PacificCoastMolluscsCAY","tonicella.spp",NA,NA
"PacificCoastMolluscsGPT","acanthinucella.spp","0.0237687450210232","-32.0730899188135"
"PacificCoastMolluscsGPT","alia.spp",NA,NA
"PacificCoastMolluscsGPT","amphissa.versicolor",NA,NA
"PacificCoastMolluscsGPT","aplysia.californica",NA,NA
"PacificCoastMolluscsGPT","bittium.eschrichtii",NA,NA
"PacificCoastMolluscsGPT","calliostoma.spp",NA,NA
"PacificCoastMolluscsGPT","ceratostoma.nuttalli",NA,NA
"PacificCoastMolluscsGPT","chitons",NA,NA
"PacificCoastMolluscsGPT","conus.californicus",NA,NA
"PacificCoastMolluscsGPT","crepidula.spp",NA,NA
"PacificCoastMolluscsGPT","epitonium.tinctum",NA,NA
"PacificCoastMolluscsGPT","fissurella.volcano",NA,NA
"PacificCoastMolluscsGPT","homalopoma.spp",NA,NA
"PacificCoastMolluscsGPT","katharina.tunicata",NA,NA
"PacificCoastMolluscsGPT","kelletia.kelletii",NA,NA
"PacificCoastMolluscsGPT","lepidochitona.dentiens",NA,NA
"PacificCoastMolluscsGPT","lepidochitona.hartwegii","0.0306353253037335","13.6578407589402"
"PacificCoastMolluscsGPT","lepidochitona.spp",NA,NA
"PacificCoastMolluscsGPT","lepidozona.spp",NA,NA
"PacificCoastMolluscsGPT","limpets.over.15.mm.in.size","0.130004155082924","1.96459795004393"
"PacificCoastMolluscsGPT","littorina.spp","0.991587409129493","-2.81771817174456"
"PacificCoastMolluscsGPT","macron.lividus",NA,NA
"PacificCoastMolluscsGPT","mopalia.spp",NA,NA
"PacificCoastMolluscsGPT","norrisia.norrisi",NA,NA
"PacificCoastMolluscsGPT","nucella.canaliculata","0.000615783947307918","-6260.26200652066"
"PacificCoastMolluscsGPT","nucella.emarginata","0.037368567325402","-24.6934195417264"
"PacificCoastMolluscsGPT","nucella.lamellosa",NA,NA
"PacificCoastMolluscsGPT","nucella.spp",NA,NA
"PacificCoastMolluscsGPT","nuttallina.spp","0.00127313068522175","-446.096395191675"
"PacificCoastMolluscsGPT","ocenebra.circumtexta",NA,NA
"PacificCoastMolluscsGPT","ocenebra.poulsoni",NA,NA
"PacificCoastMolluscsGPT","ocenebra.spp",NA,NA
"PacificCoastMolluscsGPT","onchidella.borealis",NA,NA
"PacificCoastMolluscsGPT","opalia.spp_",NA,NA
"PacificCoastMolluscsGPT","tegula.aureotincta",NA,NA
"PacificCoastMolluscsGPT","tegula.brunnea",NA,NA
"PacificCoastMolluscsGPT","tegula.eiseni",NA,NA
"PacificCoastMolluscsGPT","tegula.funebralis","-0.323674245645179","0.797119616744537"
"PacificCoastMolluscsGPT","tegula.gallina",NA,NA
"PacificCoastMolluscsGPT","tonicella.spp",NA,NA
"PacificCoastMolluscsHAZ","acanthinucella.spp","0.00115638500791205","-835.360496022781"
"PacificCoastMolluscsHAZ","alia.spp",NA,NA
"PacificCoastMolluscsHAZ","amphissa.versicolor",NA,NA
"PacificCoastMolluscsHAZ","aplysia.californica",NA,NA
"PacificCoastMolluscsHAZ","bittium.eschrichtii","0.00215388929773998","-1156.54199344736"
"PacificCoastMolluscsHAZ","calliostoma.spp",NA,NA
"PacificCoastMolluscsHAZ","ceratostoma.nuttalli",NA,NA
"PacificCoastMolluscsHAZ","chitons",NA,NA
"PacificCoastMolluscsHAZ","conus.californicus",NA,NA
"PacificCoastMolluscsHAZ","crepidula.spp",NA,NA
"PacificCoastMolluscsHAZ","epitonium.tinctum",NA,NA
"PacificCoastMolluscsHAZ","fissurella.volcano",NA,NA
"PacificCoastMolluscsHAZ","homalopoma.spp",NA,NA
"PacificCoastMolluscsHAZ","katharina.tunicata",NA,NA
"PacificCoastMolluscsHAZ","kelletia.kelletii",NA,NA
"PacificCoastMolluscsHAZ","lepidochitona.dentiens","8.80785635348823e-05","-7941.63683848553"
"PacificCoastMolluscsHAZ","lepidochitona.hartwegii","0.00388395678192708","-56.3425796191348"
"PacificCoastMolluscsHAZ","lepidochitona.spp",NA,NA
"PacificCoastMolluscsHAZ","lepidozona.spp",NA,NA
"PacificCoastMolluscsHAZ","limpets.over.15.mm.in.size","0.0028225935082853","40.1451829979779"
"PacificCoastMolluscsHAZ","littorina.spp","0.977901356804641","-2.5232547278941"
"PacificCoastMolluscsHAZ","macron.lividus",NA,NA
"PacificCoastMolluscsHAZ","mopalia.spp",NA,NA
"PacificCoastMolluscsHAZ","norrisia.norrisi",NA,NA
"PacificCoastMolluscsHAZ","nucella.canaliculata",NA,NA
"PacificCoastMolluscsHAZ","nucella.emarginata","0.00518600558311235","11.5090384503017"
"PacificCoastMolluscsHAZ","nucella.lamellosa",NA,NA
"PacificCoastMolluscsHAZ","nucella.spp",NA,NA
"PacificCoastMolluscsHAZ","nuttallina.spp","0.000885607222972596","379.160255659762"
"PacificCoastMolluscsHAZ","ocenebra.circumtexta",NA,NA
"PacificCoastMolluscsHAZ","ocenebra.poulsoni",NA,NA
"PacificCoastMolluscsHAZ","ocenebra.spp",NA,NA
"PacificCoastMolluscsHAZ","onchidella.borealis",NA,NA
"PacificCoastMolluscsHAZ","opalia.spp_",NA,NA
"PacificCoastMolluscsHAZ","tegula.aureotincta",NA,NA
"PacificCoastMolluscsHAZ","tegula.brunnea",NA,NA
"PacificCoastMolluscsHAZ","tegula.eiseni",NA,NA
"PacificCoastMolluscsHAZ","tegula.funebralis","0.125618750942978","0.814256920131529"
"PacificCoastMolluscsHAZ","tegula.gallina",NA,NA
"PacificCoastMolluscsHAZ","tonicella.spp",NA,NA
"PacificCoastMolluscsMCR","acanthinucella.spp",NA,NA
"PacificCoastMolluscsMCR","alia.spp",NA,NA
"PacificCoastMolluscsMCR","amphissa.versicolor",NA,NA
"PacificCoastMolluscsMCR","aplysia.californica",NA,NA
"PacificCoastMolluscsMCR","bittium.eschrichtii",NA,NA
"PacificCoastMolluscsMCR","calliostoma.spp",NA,NA
"PacificCoastMolluscsMCR","ceratostoma.nuttalli",NA,NA
"PacificCoastMolluscsMCR","chitons","-0.0626205019239196","-14.373109561307"
"PacificCoastMolluscsMCR","conus.californicus",NA,NA
"PacificCoastMolluscsMCR","crepidula.spp",NA,NA
"PacificCoastMolluscsMCR","epitonium.tinctum",NA,NA
"PacificCoastMolluscsMCR","fissurella.volcano",NA,NA
"PacificCoastMolluscsMCR","homalopoma.spp",NA,NA
"PacificCoastMolluscsMCR","katharina.tunicata","0.0372876612165089","-32.6624448791502"
"PacificCoastMolluscsMCR","kelletia.kelletii",NA,NA
"PacificCoastMolluscsMCR","lepidochitona.dentiens","0.000149283630101932","-598.506058643127"
"PacificCoastMolluscsMCR","lepidochitona.hartwegii","-1.09180256949669","-0.140629565771998"
"PacificCoastMolluscsMCR","lepidochitona.spp",NA,NA
"PacificCoastMolluscsMCR","lepidozona.spp",NA,NA
"PacificCoastMolluscsMCR","limpets.over.15.mm.in.size","-0.977169495372405","-0.0753478830284243"
"PacificCoastMolluscsMCR","littorina.spp","0.913132111123095","2.62734894327352"
"PacificCoastMolluscsMCR","macron.lividus",NA,NA
"PacificCoastMolluscsMCR","mopalia.spp","0.00243695150892203","-492.323814482783"
"PacificCoastMolluscsMCR","norrisia.norrisi",NA,NA
"PacificCoastMolluscsMCR","nucella.canaliculata",NA,NA
"PacificCoastMolluscsMCR","nucella.emarginata","-0.123022108384147","-0.521744300706233"
"PacificCoastMolluscsMCR","nucella.lamellosa",NA,NA
"PacificCoastMolluscsMCR","nucella.spp",NA,NA
"PacificCoastMolluscsMCR","nuttallina.spp","0.00183432911865513","24.1734827054267"
"PacificCoastMolluscsMCR","ocenebra.circumtexta",NA,NA
"PacificCoastMolluscsMCR","ocenebra.poulsoni",NA,NA
"PacificCoastMolluscsMCR","ocenebra.spp",NA,NA
"PacificCoastMolluscsMCR","onchidella.borealis",NA,NA
"PacificCoastMolluscsMCR","opalia.spp_",NA,NA
"PacificCoastMolluscsMCR","tegula.aureotincta",NA,NA
"PacificCoastMolluscsMCR","tegula.brunnea",NA,NA
"PacificCoastMolluscsMCR","tegula.eiseni",NA,NA
"PacificCoastMolluscsMCR","tegula.funebralis","0.00196879544538867","1.34760580137271"
"PacificCoastMolluscsMCR","tegula.gallina",NA,NA
"PacificCoastMolluscsMCR","tonicella.spp",NA,NA
"PacificCoastMolluscsOCC","acanthinucella.spp",NA,NA
"PacificCoastMolluscsOCC","alia.spp",NA,NA
"PacificCoastMolluscsOCC","amphissa.versicolor",NA,NA
"PacificCoastMolluscsOCC","aplysia.californica",NA,NA
"PacificCoastMolluscsOCC","bittium.eschrichtii",NA,NA
"PacificCoastMolluscsOCC","calliostoma.spp",NA,NA
"PacificCoastMolluscsOCC","ceratostoma.nuttalli",NA,NA
"PacificCoastMolluscsOCC","chitons",NA,NA
"PacificCoastMolluscsOCC","conus.californicus",NA,NA
"PacificCoastMolluscsOCC","crepidula.spp",NA,NA
"PacificCoastMolluscsOCC","epitonium.tinctum",NA,NA
"PacificCoastMolluscsOCC","fissurella.volcano",NA,NA
"PacificCoastMolluscsOCC","homalopoma.spp",NA,NA
"PacificCoastMolluscsOCC","katharina.tunicata",NA,NA
"PacificCoastMolluscsOCC","kelletia.kelletii",NA,NA
"PacificCoastMolluscsOCC","lepidochitona.dentiens",NA,NA
"PacificCoastMolluscsOCC","lepidochitona.hartwegii","0.0662296729855411","-1.77677212373118"
"PacificCoastMolluscsOCC","lepidochitona.spp",NA,NA
"PacificCoastMolluscsOCC","lepidozona.spp",NA,NA
"PacificCoastMolluscsOCC","limpets.over.15.mm.in.size","-4.8590101358885","-0.0515774271304589"
"PacificCoastMolluscsOCC","littorina.spp","0.979931945068332","-6.74514788002574"
"PacificCoastMolluscsOCC","macron.lividus",NA,NA
"PacificCoastMolluscsOCC","mopalia.spp","0.000638024430314888","-2397.97751992553"
"PacificCoastMolluscsOCC","norrisia.norrisi",NA,NA
"PacificCoastMolluscsOCC","nucella.canaliculata","0.000370584525884409","-3644.70125805382"
"PacificCoastMolluscsOCC","nucella.emarginata","0.024661794966944","-26.6021002222115"
"PacificCoastMolluscsOCC","nucella.lamellosa",NA,NA
"PacificCoastMolluscsOCC","nucella.spp",NA,NA
"PacificCoastMolluscsOCC","nuttallina.spp","0.00812160413469129","-47.5113289700334"
"PacificCoastMolluscsOCC","ocenebra.circumtexta",NA,NA
"PacificCoastMolluscsOCC","ocenebra.poulsoni",NA,NA
"PacificCoastMolluscsOCC","ocenebra.spp",NA,NA
"PacificCoastMolluscsOCC","onchidella.borealis",NA,NA
"PacificCoastMolluscsOCC","opalia.spp_",NA,NA
"PacificCoastMolluscsOCC","tegula.aureotincta",NA,NA
"PacificCoastMolluscsOCC","tegula.brunnea",NA,NA
"PacificCoastMolluscsOCC","tegula.eiseni",NA,NA
"PacificCoastMolluscsOCC","tegula.funebralis","-0.0154439307669034","5.71592900865428"
"PacificCoastMolluscsOCC","tegula.gallina",NA,NA
"PacificCoastMolluscsOCC","tonicella.spp",NA,NA
"PacificCoastMolluscsPSN","acanthinucella.spp",NA,NA
"PacificCoastMolluscsPSN","alia.spp",NA,NA
"PacificCoastMolluscsPSN","amphissa.versicolor",NA,NA
"PacificCoastMolluscsPSN","aplysia.californica",NA,NA
"PacificCoastMolluscsPSN","bittium.eschrichtii",NA,NA
"PacificCoastMolluscsPSN","calliostoma.spp",NA,NA
"PacificCoastMolluscsPSN","ceratostoma.nuttalli",NA,NA
"PacificCoastMolluscsPSN","chitons",NA,NA
"PacificCoastMolluscsPSN","conus.californicus",NA,NA
"PacificCoastMolluscsPSN","crepidula.spp",NA,NA
"PacificCoastMolluscsPSN","epitonium.tinctum",NA,NA
"PacificCoastMolluscsPSN","fissurella.volcano",NA,NA
"PacificCoastMolluscsPSN","homalopoma.spp",NA,NA
"PacificCoastMolluscsPSN","katharina.tunicata",NA,NA
"PacificCoastMolluscsPSN","kelletia.kelletii",NA,NA
"PacificCoastMolluscsPSN","lepidochitona.dentiens",NA,NA
"PacificCoastMolluscsPSN","lepidochitona.hartwegii","0.0187337567246781","-9.87736731622119"
"PacificCoastMolluscsPSN","lepidochitona.spp",NA,NA
"PacificCoastMolluscsPSN","lepidozona.spp",NA,NA
"PacificCoastMolluscsPSN","limpets.over.15.mm.in.size","0.00933206557293627","4.41706895168119"
"PacificCoastMolluscsPSN","littorina.spp","0.912676439967181","-5.3420974966253"
"PacificCoastMolluscsPSN","macron.lividus",NA,NA
"PacificCoastMolluscsPSN","mopalia.spp","0.000298051991932381","-3623.13756411216"
"PacificCoastMolluscsPSN","norrisia.norrisi",NA,NA
"PacificCoastMolluscsPSN","nucella.canaliculata",NA,NA
"PacificCoastMolluscsPSN","nucella.emarginata","0.0135032665966404","-29.4754880422176"
"PacificCoastMolluscsPSN","nucella.lamellosa",NA,NA
"PacificCoastMolluscsPSN","nucella.spp",NA,NA
"PacificCoastMolluscsPSN","nuttallina.spp","0.0105291644787065","-7.20913629323128"
"PacificCoastMolluscsPSN","ocenebra.circumtexta","0.000716559858857641","1062.63453980513"
"PacificCoastMolluscsPSN","ocenebra.poulsoni",NA,NA
"PacificCoastMolluscsPSN","ocenebra.spp",NA,NA
"PacificCoastMolluscsPSN","onchidella.borealis",NA,NA
"PacificCoastMolluscsPSN","opalia.spp_",NA,NA
"PacificCoastMolluscsPSN","tegula.aureotincta",NA,NA
"PacificCoastMolluscsPSN","tegula.brunnea",NA,NA
"PacificCoastMolluscsPSN","tegula.eiseni",NA,NA
"PacificCoastMolluscsPSN","tegula.funebralis","0.298371708915363","0.609807926274811"
"PacificCoastMolluscsPSN","tegula.gallina",NA,NA
"PacificCoastMolluscsPSN","tonicella.spp",NA,NA
"PacificCoastMolluscsSAD","acanthinucella.spp",NA,NA
"PacificCoastMolluscsSAD","alia.spp",NA,NA
"PacificCoastMolluscsSAD","amphissa.versicolor",NA,NA
"PacificCoastMolluscsSAD","aplysia.californica",NA,NA
"PacificCoastMolluscsSAD","bittium.eschrichtii",NA,NA
"PacificCoastMolluscsSAD","calliostoma.spp",NA,NA
"PacificCoastMolluscsSAD","ceratostoma.nuttalli",NA,NA
"PacificCoastMolluscsSAD","chitons",NA,NA
"PacificCoastMolluscsSAD","conus.californicus",NA,NA
"PacificCoastMolluscsSAD","crepidula.spp",NA,NA
"PacificCoastMolluscsSAD","epitonium.tinctum",NA,NA
"PacificCoastMolluscsSAD","fissurella.volcano",NA,NA
"PacificCoastMolluscsSAD","homalopoma.spp",NA,NA
"PacificCoastMolluscsSAD","katharina.tunicata",NA,NA
"PacificCoastMolluscsSAD","kelletia.kelletii",NA,NA
"PacificCoastMolluscsSAD","lepidochitona.dentiens",NA,NA
"PacificCoastMolluscsSAD","lepidochitona.hartwegii","9.09324617645461e-05","-12394.4355934951"
"PacificCoastMolluscsSAD","lepidochitona.spp",NA,NA
"PacificCoastMolluscsSAD","lepidozona.spp",NA,NA
"PacificCoastMolluscsSAD","limpets.over.15.mm.in.size","0.0221471251209595","-32.1051271660911"
"PacificCoastMolluscsSAD","littorina.spp","1.0283272427683","4.73298475872523"
"PacificCoastMolluscsSAD","macron.lividus",NA,NA
"PacificCoastMolluscsSAD","mopalia.spp","9.03635215366298e-05","-23119.9221942984"
"PacificCoastMolluscsSAD","norrisia.norrisi",NA,NA
"PacificCoastMolluscsSAD","nucella.canaliculata","0.0185905494591407","-11.9259444521405"
"PacificCoastMolluscsSAD","nucella.emarginata","0.312250162286056","0.647043880895505"
"PacificCoastMolluscsSAD","nucella.lamellosa",NA,NA
"PacificCoastMolluscsSAD","nucella.spp",NA,NA
"PacificCoastMolluscsSAD","nuttallina.spp","0.0167984162119468","-9.17255604151042"
"PacificCoastMolluscsSAD","ocenebra.circumtexta",NA,NA
"PacificCoastMolluscsSAD","ocenebra.poulsoni",NA,NA
"PacificCoastMolluscsSAD","ocenebra.spp",NA,NA
"PacificCoastMolluscsSAD","onchidella.borealis",NA,NA
"PacificCoastMolluscsSAD","opalia.spp_",NA,NA
"PacificCoastMolluscsSAD","tegula.aureotincta",NA,NA
"PacificCoastMolluscsSAD","tegula.brunnea",NA,NA
"PacificCoastMolluscsSAD","tegula.eiseni",NA,NA
"PacificCoastMolluscsSAD","tegula.funebralis","0.024913914962756","-28.0515505065404"
"PacificCoastMolluscsSAD","tegula.gallina",NA,NA
"PacificCoastMolluscsSAD","tonicella.spp",NA,NA
"PacificCoastMolluscsSHB","acanthinucella.spp","0.0262573068588342","-24.6941126896979"
"PacificCoastMolluscsSHB","alia.spp",NA,NA
"PacificCoastMolluscsSHB","amphissa.versicolor",NA,NA
"PacificCoastMolluscsSHB","aplysia.californica",NA,NA
"PacificCoastMolluscsSHB","bittium.eschrichtii",NA,NA
"PacificCoastMolluscsSHB","calliostoma.spp",NA,NA
"PacificCoastMolluscsSHB","ceratostoma.nuttalli",NA,NA
"PacificCoastMolluscsSHB","chitons",NA,NA
"PacificCoastMolluscsSHB","conus.californicus",NA,NA
"PacificCoastMolluscsSHB","crepidula.spp",NA,NA
"PacificCoastMolluscsSHB","epitonium.tinctum",NA,NA
"PacificCoastMolluscsSHB","fissurella.volcano",NA,NA
"PacificCoastMolluscsSHB","homalopoma.spp",NA,NA
"PacificCoastMolluscsSHB","katharina.tunicata",NA,NA
"PacificCoastMolluscsSHB","kelletia.kelletii",NA,NA
"PacificCoastMolluscsSHB","lepidochitona.dentiens","0.000454783770371599","-131.07259569509"
"PacificCoastMolluscsSHB","lepidochitona.hartwegii","0.0129416245187531","4.94108791435388"
"PacificCoastMolluscsSHB","lepidochitona.spp",NA,NA
"PacificCoastMolluscsSHB","lepidozona.spp",NA,NA
"PacificCoastMolluscsSHB","limpets.over.15.mm.in.size","-0.00262650430911716","55.3566685439659"
"PacificCoastMolluscsSHB","littorina.spp","0.818434629881996","-3.88698121778065"
"PacificCoastMolluscsSHB","macron.lividus",NA,NA
"PacificCoastMolluscsSHB","mopalia.spp","0.000162965715478796","-2263.97163599581"
"PacificCoastMolluscsSHB","norrisia.norrisi",NA,NA
"PacificCoastMolluscsSHB","nucella.canaliculata",NA,NA
"PacificCoastMolluscsSHB","nucella.emarginata",NA,NA
"PacificCoastMolluscsSHB","nucella.lamellosa",NA,NA
"PacificCoastMolluscsSHB","nucella.spp",NA,NA
"PacificCoastMolluscsSHB","nuttallina.spp","0.00323499588836446","-117.345210219653"
"PacificCoastMolluscsSHB","ocenebra.circumtexta","0.0023348854651658","-17.231779847439"
"PacificCoastMolluscsSHB","ocenebra.poulsoni",NA,NA
"PacificCoastMolluscsSHB","ocenebra.spp",NA,NA
"PacificCoastMolluscsSHB","onchidella.borealis",NA,NA
"PacificCoastMolluscsSHB","opalia.spp_",NA,NA
"PacificCoastMolluscsSHB","tegula.aureotincta",NA,NA
"PacificCoastMolluscsSHB","tegula.brunnea",NA,NA
"PacificCoastMolluscsSHB","tegula.eiseni",NA,NA
"PacificCoastMolluscsSHB","tegula.funebralis","0.178452163156367","1.16567951935325"
"PacificCoastMolluscsSHB","tegula.gallina",NA,NA
"PacificCoastMolluscsSHB","tonicella.spp",NA,NA
"UKButterfliesAgricultural","Aglais.urticae","0.0618394265510408","-10.169594876127"
"UKButterfliesAgricultural","Anthocaris.cardamines","0.0180440088659111","-31.1859153326265"
"UKButterfliesAgricultural","Aphantopus.hyperantus","0.0253690282835699","-26.6643198186244"
"UKButterfliesAgricultural","Celastrina.argiolus","0.0245834585882887","-53.7502802699689"
"UKButterfliesAgricultural","Coenonympha.pamphilus","-0.0161093854117912","-3.82000709374448"
"UKButterfliesAgricultural","Gonepteryx.rhamni","0.0413964921173567","-1.3909680993432"
"UKButterfliesAgricultural","Inachis.io","0.0499561324190128","-9.94742379431017"
"UKButterfliesAgricultural","Lasiommata.megera","-0.134261651885552","-1.79854166847491"
"UKButterfliesAgricultural","Lycaena.phlaeas","0.00819262771987749","-232.184823988876"
"UKButterfliesAgricultural","Maniola.jurtina","0.186471837821554","-1.04848632729323"
"UKButterfliesAgricultural","Melanargia.galathea",NA,NA
"UKButterfliesAgricultural","Ochlodes.venata","0.0041571207397384","-123.285337187409"
"UKButterfliesAgricultural","Pararge.aegeria","-1.34536742369645","0.0787578683547783"
"UKButterfliesAgricultural","Pieris.brassicae","0.0207326836090064","-4.56450527536305"
"UKButterfliesAgricultural","Pieris.napi","0.166573363701865","-1.88973902942816"
"UKButterfliesAgricultural","Pieris.rapae","0.0900747135475373","-5.2993612990567"
"UKButterfliesAgricultural","Polygonia.c.album","0.00669711905336656","-282.619570077405"
"UKButterfliesAgricultural","Polyommatus.icarus","0.0459200402534355","-13.634587584637"
"UKButterfliesAgricultural","Pyronia.tithonus","0.148000586336858","-2.50559957264265"
"UKButterfliesAgricultural","Quercusia.quercus","0.0684223715201423","-6.20917728254867"
"UKButterfliesAgricultural","Thymelicus.sylvestris","0.0233554879780755","-5.82998726298433"
"UKButterfliesAgricultural","Vanessa.atalanta","0.0112101854405501","-73.5325581116354"
"UKButterfliesAgricultural","Vanessa.cardui",NA,NA
"UKButterfliesCoastal","Aglais.urticae","0.0242223361112007","-28.6760177309372"
"UKButterfliesCoastal","Anthocaris.cardamines","0.00815232634164951","-10.0439481238849"
"UKButterfliesCoastal","Aphantopus.hyperantus","0.0661273327528867","-5.01242524881578"
"UKButterfliesCoastal","Argynnis.paphia","0.00370221155234676","-221.632416819708"
"UKButterfliesCoastal","Aricia.agestis","0.0165340179727294","-61.3049125246523"
"UKButterfliesCoastal","Callophrys.rubi","0.00483416918847356","-378.401776749359"
"UKButterfliesCoastal","Celastrina.argiolus","0.0062855555784453","-100.433652517686"
"UKButterfliesCoastal","Coenonympha.pamphilus","0.187174301528827","1.30660493167455"
"UKButterfliesCoastal","Erynnis.tages","0.00575910789559878","-145.061895221188"
"UKButterfliesCoastal","Gonepteryx.rhamni","0.0190005743864613","-36.466993181864"
"UKButterfliesCoastal","Hipparchia.semele","0.325469323044909","0.60734861217558"
"UKButterfliesCoastal","Inachis.io","0.0152961329382097","-28.9276729209596"
"UKButterfliesCoastal","Lasiommata.megera","0.0195123897945179","-5.17320908150871"
"UKButterfliesCoastal","Lycaena.phlaeas","0.00983579822216702","-32.9786462468796"
"UKButterfliesCoastal","Maniola.jurtina","0.320689085269253","-0.654427831837306"
"UKButterfliesCoastal","Melanargia.galathea","0.00281301279962216","-426.75641869222"
"UKButterfliesCoastal","Mesoacidalia.aglaja","0.0493185002150613","-8.18449688274189"
"UKButterfliesCoastal","Ochlodes.venata","0.00599940210890344","-54.8843489157397"
"UKButterfliesCoastal","Pararge.aegeria","0.0392085631016514","-30.3621646205641"
"UKButterfliesCoastal","Pieris.brassicae","0.0309849162903401","-16.7748119821132"
"UKButterfliesCoastal","Pieris.napi","0.140144578490944","-1.19146429461587"
"UKButterfliesCoastal","Pieris.rapae","0.087008718019296","-1.30974233279517"
"UKButterfliesCoastal","Polygonia.c.album","0.00333786936713138","-457.103887407661"
"UKButterfliesCoastal","Polyommatus.icarus","0.118210361430438","-3.08451521049505"
"UKButterfliesCoastal","Pyronia.tithonus","0.181963437716318","-1.8056599229199"
"UKButterfliesCoastal","Thymelicus.sylvestris","0.126389686899275","-5.50660285351324"
"UKButterfliesCoastal","Vanessa.atalanta","0.00778233079938913","-46.0230741673652"
"UKButterfliesCoastal","Vanessa.cardui","0.00762244279019176","-89.8626974114607"
"UKButterfliesForest","Aglais.urticae","0.0321668775259451","-21.5954126372593"
"UKButterfliesForest","Anthocaris.cardamines","0.0264869614731689","-7.02427717734174"
"UKButterfliesForest","Aphantopus.hyperantus","0.110465725588493","-2.61797002365975"
"UKButterfliesForest","Argynnis.paphia","0.0123225087527935","-164.71658346251"
"UKButterfliesForest","Aricia.agestis","0.00256628010265167","-223.974900656033"
"UKButterfliesForest","Boloria.euphrosyne",NA,NA
"UKButterfliesForest","Boloria.selene","7.80246183292152e-05","-522.302888075454"
"UKButterfliesForest","Callophrys.rubi","0.00227075933561003","-711.055959312544"
"UKButterfliesForest","Celastrina.argiolus","0.00185235232564995","-628.363548707461"
"UKButterfliesForest","Coenonympha.pamphilus","0.0260963384571881","-13.023125382369"
"UKButterfliesForest","Erynnis.tages","0.00396099279021515","-101.963010311592"
"UKButterfliesForest","Gonepteryx.rhamni","0.0457279677640461","-16.5997628314101"
"UKButterfliesForest","Inachis.io","0.193541922592756","-1.62215310708115"
"UKButterfliesForest","Ladoga.camilla","0.00314393308392277","-267.51986695583"
"UKButterfliesForest","Lasiommata.megera","0.00933735437104614","-20.3180173546218"
"UKButterfliesForest","Lycaena.phlaeas","0.0237113975455187","-3.74032469677847"
"UKButterfliesForest","Maniola.jurtina","0.255483354669703","-1.14363533250228"
"UKButterfliesForest","Melanargia.galathea","-0.065555110303512","-3.6926847553991"
"UKButterfliesForest","Mesoacidalia.aglaja","0.00444856018068327","-68.4330741936125"
"UKButterfliesForest","Ochlodes.venata","0.0456745488682207","-6.46828918769927"
"UKButterfliesForest","Pararge.aegeria","0.0592512234510382","-4.81599478021988"
"UKButterfliesForest","Pieris.brassicae","0.0430364118962794","-11.616779000621"
"UKButterfliesForest","Pieris.napi","0.18552168306882","-2.50347598472695"
"UKButterfliesForest","Pieris.rapae","0.0429884756419188","-5.35020145592384"
"UKButterfliesForest","Polygonia.c.album","0.0150606496261243","-27.564097563487"
"UKButterfliesForest","Polyommatus.icarus","0.0129317953778063","-19.6772480704859"
"UKButterfliesForest","Pyrgus.malvae","0.00420147012772309","-88.3019119741836"
"UKButterfliesForest","Pyronia.tithonus","0.136559244115943","-5.28280100011452"
"UKButterfliesForest","Quercusia.quercus","0.000721522786445737","-885.709411832424"
"UKButterfliesForest","Satyrium.pruni","0.00118533495229376","-865.72968954116"
"UKButterfliesForest","Thymelicus.sylvestris","0.0395910708764461","-4.98899455064914"
"UKButterfliesForest","Vanessa.atalanta","0.00758043812397217","-81.8239125341554"
"UKButterfliesForest","Vanessa.cardui","0.00413698500596381","-214.842200128959"
"UKButterfliesGrassland","Aglais.urticae","0.0215756437860982","-59.5120598072909"
"UKButterfliesGrassland","Anthocaris.cardamines","0.00463489662786404","-66.7133033126499"
"UKButterfliesGrassland","Aphantopus.hyperantus","0.197669075055082","-1.61193522684898"
"UKButterfliesGrassland","Aricia.agestis","0.011505349267658","-15.7082910028348"
"UKButterfliesGrassland","Callophrys.rubi","0.0054899228684932","-116.066609741107"
"UKButterfliesGrassland","Celastrina.argiolus","0.00381796455572773","-274.332888369551"
"UKButterfliesGrassland","Coenonympha.pamphilus","0.0657958057362487","-3.59112222155307"
"UKButterfliesGrassland","Colias.crocea",NA,NA
"UKButterfliesGrassland","Cupido.minimus","0.00662357931041138","-90.1673769586868"
"UKButterfliesGrassland","Erynnis.tages","0.00859902139855258","-60.0867582752519"
"UKButterfliesGrassland","Gonepteryx.rhamni","0.0292913546072069","-24.4074205620509"
"UKButterfliesGrassland","Hamearis.lucina","0.00114215296953001","-735.286052051591"
"UKButterfliesGrassland","Hesperia.comma","0.00513929537784006","-82.0032071499424"
"UKButterfliesGrassland","Hipparchia.semele","0.0171477926935202","-47.3065373118428"
"UKButterfliesGrassland","Inachis.io","0.0151795030936657","-35.5098564783094"
"UKButterfliesGrassland","Lasiommata.megera","0.00556754033798322","-31.1556294763183"
"UKButterfliesGrassland","Lycaena.phlaeas","0.0118635187511514","-23.666486949344"
"UKButterfliesGrassland","Lysandra.bellargus","0.120396954664499","-6.567811446394"
"UKButterfliesGrassland","Lysandra.coridon","-0.0126891723872506","-0.727122546877741"
"UKButterfliesGrassland","Maniola.jurtina","0.334658020756579","0.261033762887428"
"UKButterfliesGrassland","Melanargia.galathea","0.170996728195903","-1.78385903243981"
"UKButterfliesGrassland","Mesoacidalia.aglaja","0.00211270286282969","-33.1492396579327"
"UKButterfliesGrassland","Ochlodes.venata","0.0151895684387153","-27.0538594799505"
"UKButterfliesGrassland","Pararge.aegeria","0.0148262927001549","-7.2411315388405"
"UKButterfliesGrassland","Pieris.brassicae","0.0182333449049468","-18.6161670564385"
"UKButterfliesGrassland","Pieris.napi","0.0149230799270216","-14.0165378804266"
"UKButterfliesGrassland","Pieris.rapae","0.0232030593321656","-17.2419040795434"
"UKButterfliesGrassland","Polygonia.c.album","0.00204206697715953","-349.57434697393"
"UKButterfliesGrassland","Polyommatus.icarus","0.0530743402984514","-15.2900327412844"
"UKButterfliesGrassland","Pyrgus.malvae","0.00774285767887659","-133.096302054684"
"UKButterfliesGrassland","Pyronia.tithonus","0.129153108059005","-2.49055885971285"
"UKButterfliesGrassland","Quercusia.quercus",NA,NA
"UKButterfliesGrassland","Thymelicus.actaeon","0.0234516479941147","-29.0651731697727"
"UKButterfliesGrassland","Thymelicus.sylvestris","0.108078005335985","-3.17220080497575"
"UKButterfliesGrassland","Vanessa.atalanta","0.00173853390552739","-444.669541733734"
"UKButterfliesGrassland","Vanessa.cardui","0.00151362605333457","-1011.69045364869"
"UKButterfliesMixed","Aglais.urticae","0.0146081713344677","-49.7145988294543"
"UKButterfliesMixed","Anthocaris.cardamines","0.242289799451212","0.574194232748626"
"UKButterfliesMixed","Aphantopus.hyperantus","0.195373636047775","-2.51078793756867"
"UKButterfliesMixed","Argynnis.paphia","0.0202746548348307","-50.7532386510024"
"UKButterfliesMixed","Aricia.agestis","0.00639885601230585","-597.706034827712"
"UKButterfliesMixed","Boloria.euphrosyne","0.00712749980135961","-215.316959445528"
"UKButterfliesMixed","Boloria.selene",NA,NA
"UKButterfliesMixed","Callophrys.rubi","0.0273066235992009","-4.39878392972404"
"UKButterfliesMixed","Celastrina.argiolus","0.0156979516365639","-36.0705541333717"
"UKButterfliesMixed","Coenonympha.pamphilus","-0.0712808689000972","-1.29071079551722"
"UKButterfliesMixed","Gonepteryx.rhamni","0.0289868544588473","-10.3381484070509"
"UKButterfliesMixed","Hipparchia.semele","0.119629368733157","2.68384778671111"
"UKButterfliesMixed","Inachis.io","0.0401464810516264","-4.09218723775675"
"UKButterfliesMixed","Ladoga.camilla","0.01499411544846","-21.8198721742745"
"UKButterfliesMixed","Lasiommata.megera","0.00901685574919889","-33.2036816157163"
"UKButterfliesMixed","Leptidea.sinapsis","-0.0769131988059115","-5.36224355243036"
"UKButterfliesMixed","Lycaena.phlaeas","0.00704222953169275","-37.8179011263748"
"UKButterfliesMixed","Maniola.jurtina","0.229195715976088","-0.618129289765066"
"UKButterfliesMixed","Melanargia.galathea","0.0020843420899796","-54.4186776941089"
"UKButterfliesMixed","Mesoacidalia.aglaja",NA,NA
"UKButterfliesMixed","Ochlodes.venata","0.0506794084933079","-15.9462986116053"
"UKButterfliesMixed","Pararge.aegeria","0.038110845480259","-1.12489095599212"
"UKButterfliesMixed","Pieris.brassicae","0.0410137612394396","-10.7426259955241"
"UKButterfliesMixed","Pieris.napi","0.0352040056059328","-14.3297101501322"
"UKButterfliesMixed","Pieris.rapae","0.0204867139919903","-13.7251776633742"
"UKButterfliesMixed","Polygonia.c.album","0.00541304654045189","-157.393463250317"
"UKButterfliesMixed","Polyommatus.icarus","0.0253203475865196","-35.5437367852273"
"UKButterfliesMixed","Pyronia.tithonus","0.227294325268335","-1.97832978889588"
"UKButterfliesMixed","Quercusia.quercus","0.00428358803744237","-230.532506081567"
"UKButterfliesMixed","Thymelicus.sylvestris","0.0558645221613016","-4.06488637647619"
"UKButterfliesMixed","Vanessa.atalanta","-0.102118362137353","-1.39592917507028"
"UKButterfliesMixed","Vanessa.cardui","0.00428140347692846","-358.425769433385"
"ukbutterfliesWetland","Aglais.urticae","0.325606949973312","-1.83895454801096"
"ukbutterfliesWetland","Anthocaris.cardamines","0.0410710065731199","-20.6917071085053"
"ukbutterfliesWetland","Aphantopus.hyperantus","0.00152463950971284","-5146.72935770314"
"ukbutterfliesWetland","Boloria.selene","0.24933584036221","-6.37379514628236"
"ukbutterfliesWetland","Celastrina.argiolus","0.00266768172147906","-524.941060732599"
"ukbutterfliesWetland","Coenonympha.pamphilus","0.175399670601157","-5.25355068420826"
"ukbutterfliesWetland","Gonepteryx.rhamni","0.299972594695989","-0.516559695788925"
"ukbutterfliesWetland","Hipparchia.semele","0.0140466450934755","-66.915884126202"
"ukbutterfliesWetland","Inachis.io","0.141549328819583","-4.18186452076214"
"ukbutterfliesWetland","Lasiommata.megera","0.133970777854703","-1.1629570250021"
"ukbutterfliesWetland","Lycaena.phlaeas","0.10547493100559","-5.25788762641672"
"ukbutterfliesWetland","Maniola.jurtina","0.199134658643418","-1.09277941752134"
"ukbutterfliesWetland","Ochlodes.venata","0.0173677737517767","-82.682213283138"
"ukbutterfliesWetland","Papilio.machaon","0.161604264652781","-2.60139005111831"
"ukbutterfliesWetland","Pararge.aegeria","0.0523836836498748","-14.0766375711945"
"ukbutterfliesWetland","Pieris.brassicae","0.088014968951907","-2.0379164419471"
"ukbutterfliesWetland","Pieris.napi","0.243638254220761","-0.985178894417014"
"ukbutterfliesWetland","Pieris.rapae","0.162528360811054","-3.49855473951466"
"ukbutterfliesWetland","Polygonia.c.album","0.00620727611175429","-125.946359282125"
"ukbutterfliesWetland","Polyommatus.icarus","0.0398349837148894","-16.140208399216"
"ukbutterfliesWetland","Pyronia.tithonus","0.258542669920885","-2.13867954124954"
"ukbutterfliesWetland","Satyrium.w.album",NA,NA
"ukbutterfliesWetland","Thymelicus.sylvestris","0.0413318291574572","-11.396878453411"
"ukbutterfliesWetland","Vanessa.atalanta","0.0259529755177816","-18.3296282590934"
"ukbutterfliesWetland","Vanessa.cardui","0.0150228187543591","-160.978742134635"
